Group,Abeta
NCI,114
NCI,41
NCI,276
NCI,0
NCI,16
NCI,228
NCI,927
NCI,0
NCI,211
NCI,829
NCI,1561
NCI,0
NCI,276
NCI,959
NCI,16
NCI,24
NCI,325
NCI,49
NCI,537
MCI,73
MCI,33
MCI,16
MCI,8
MCI,276
MCI,537
MCI,0
MCI,569
MCI,772
MCI,0
MCI,260
MCI,423
MCI,780
MCI,1610
MCI,0
MCI,309
MCI,512
MCI,797
MCI,24
MCI,57
MCI,106
mAD,407
mAD,390
mAD,1154
mAD,138
mAD,634
mAD,919
mAD,1415
mAD,390
mAD,1024
mAD,1154
mAD,195
mAD,715
mAD,1496
mAD,407
mAD,1171
mAD,439
mAD,894
